Semester Term Code,Person ID,Course Sec,Registration Date,Status,Waitlist Reason
FA17,1,FDMAT108-33,8/28/2017 13:55,Wait List,
FA17,1,FDMAT108-33,9/10/2017 15:13,Dropped,
FA17,1,FDMAT108-33,9/10/2017 15:13,Registered,Waitlist Registered
FA17,1,FDMAT108-33,10/25/2017 16:35,Withdrawn,
WI17,2,FDMAT108-A3,1/5/2017 16:46,Wait List,
WI17,2,FDMAT108-A3,1/9/2017 20:03,Dropped,
WI17,2,FDMAT108-A3,1/9/2017 20:03,Registered,Waitlist Registered
FA16,3,FDMAT108-15,7/19/2016 14:36,Wait List,
FA16,3,FDMAT108-15,9/1/2016 17:50,Dropped,Waitlist System Dropped
WI17,4,FDMAT108-A3,12/1/2016 21:27,Registered,
WI17,5,FDMAT108-18,1/5/2017 10:59,Wait List,
WI17,5,FDMAT108-18,1/9/2017 14:16,Dropped,
WI17,5,FDMAT108-18,1/9/2017 14:16,Registered,Waitlist Registered
FA16,6,FDMAT108-15,8/20/2016 11:41,Wait List,
FA16,6,FDMAT108-15,9/11/2016 23:23,Dropped,Waitlist Student Dropped
WI17,7,FDMAT108-53,11/23/2016 14:58,Registered,
FA16,8,FDMAT108-15,6/29/2016 15:23,Registered,
WI17,9,FDMAT108-A3,1/5/2017 17:20,Wait List,
WI17,9,FDMAT108-A3,1/9/2017 14:35,Dropped,Waitlist Student Dropped
FA16,10,FDMAT108-15,6/29/2016 16:17,Registered,
WI17,11,FDMAT108-53,12/12/2016 13:43,Registered,
WI17,11,FDMAT108-53,1/5/2017 13:20,Dropped,
FA16,12,FDMAT108-15,7/3/2016 19:22,Registered,
FA16,12,FDMAT108-15,9/1/2016 7:37,Dropped,
WI17,13,FDMAT108-18,11/16/2016 6:01,Registered,
WI17,14,FDMAT108-18,11/28/2016 8:05,Wait List,
WI17,14,FDMAT108-18,11/28/2016 8:08,Dropped,Waitlist Student Dropped
WI17,15,FDMAT108-53,1/2/2017 12:30,Wait List,
WI17,15,FDMAT108-53,1/4/2017 10:40,Dropped,
WI17,15,FDMAT108-53,1/4/2017 10:40,Registered,Waitlist Registered
FA16,16,FDMAT108-15,7/17/2016 21:31,Wait List,
FA16,16,FDMAT108-15,8/28/2016 1:53,Dropped,
FA16,16,FDMAT108-15,8/28/2016 1:53,Registered,Waitlist Registered
WI17,17,FDMAT108-18,11/15/2016 15:17,Registered,
WI17,17,FDMAT108-18,1/26/2017 8:09,Dropped,
WI17,18,FDMAT108-18,11/23/2016 8:57,Wait List,
WI17,18,FDMAT108-18,11/23/2016 9:04,Dropped,Waitlist Student Dropped
WI17,19,FDMAT108-18,1/10/2017 16:06,Wait List,
WI17,19,FDMAT108-18,1/10/2017 16:31,Dropped,Waitlist Student Dropped
WI17,20,FDMAT108-A3,12/2/2016 14:25,Registered,
WI17,20,FDMAT108-A3,12/2/2016 16:37,Dropped,
WI17,21,FDMAT108-A3,12/2/2016 20:41,Registered,
FA16,22,FDMAT108-15,8/30/2016 15:25,Wait List,
FA16,22,FDMAT108-15,9/14/2016 9:04,Dropped,Waitlist Student Dropped
FA16,22,FDMAT108-15,9/14/2016 13:19,Wait List,
FA16,22,FDMAT108-15,9/16/2016 13:52,Dropped,
FA16,22,FDMAT108-15,9/16/2016 13:52,Registered,Waitlist Registered
FA16,23,FDMAT108-14,6/22/2016 7:19,Wait List,
FA16,23,FDMAT108-14,6/22/2016 22:41,Dropped,Waitlist Student Dropped
FA16,24,FDMAT108-15,7/1/2016 18:28,Registered,
FA16,25,FDMAT108-15,7/19/2016 1:20,Wait List,
FA16,25,FDMAT108-15,8/22/2016 13:31,Dropped,Waitlist Student Dropped
FA16,26,FDMAT108-15,7/3/2016 15:14,Registered,
FA16,26,FDMAT108-15,7/3/2016 15:21,Dropped,
WI17,27,FDMAT108-18,11/15/2016 6:52,Registered,
WI17,27,FDMAT108-18,11/15/2016 11:50,Dropped,
FA16,28,FDMAT108-14,6/22/2016 10:36,Wait List,
FA16,28,FDMAT108-14,7/1/2016 15:50,Dropped,Waitlist System Dropped
FA16,29,FDMAT108-15,7/7/2016 15:08,Wait List,
FA16,29,FDMAT108-15,7/20/2016 7:07,Dropped,
FA16,29,FDMAT108-15,7/20/2016 7:07,Registered,Waitlist Registered
FA16,29,FDMAT108-15,9/18/2016 23:06,Dropped,
FA17,30,FDMAT108-33,8/31/2017 20:43,Wait List,
FA17,30,FDMAT108-33,8/31/2017 20:50,Dropped,Waitlist Student Dropped
FA17,31,FDMAT108-33,8/22/2017 23:54,Registered,
FA16,32,FDMAT108-15,7/5/2016 11:05,Registered,
WI17,33,FDMAT108-18,11/11/2016 18:26,Registered,
WI17,33,FDMAT108-18,11/11/2016 18:46,Dropped,
FA16,34,FDMAT108-15,7/3/2016 20:05,Registered,
WI17,35,FDMAT108-18,12/31/2016 2:31,Wait List,
WI17,35,FDMAT108-18,1/11/2017 10:54,Dropped,Waitlist Student Dropped
FA16,36,FDMAT108-15,7/1/2016 14:54,Registered,
FA16,36,FDMAT108-15,9/9/2016 9:53,Dropped,
FA16,37,FDMAT108-15,7/2/2016 14:23,Registered,
FA16,37,FDMAT108-15,7/30/2016 10:57,Dropped,
WI17,38,FDMAT108-18,11/29/2016 22:04,Wait List,
WI17,38,FDMAT108-18,12/3/2016 23:52,Dropped,Waitlist Student Dropped
WI17,39,FDMAT108-53,11/23/2016 13:45,Dropped,
WI17,39,FDMAT108-53,11/23/2016 13:45,Registered,
FA16,40,FDMAT108-14,6/23/2016 13:07,Wait List,
FA16,40,FDMAT108-14,8/11/2016 14:50,Dropped,Waitlist System Dropped
FA16,40,FDMAT108-14,8/11/2016 18:32,Wait List,
FA16,40,FDMAT108-14,9/16/2016 16:10,Dropped,
FA16,40,FDMAT108-14,9/16/2016 16:10,Registered,Waitlist Registered
FA16,41,FDMAT108-14,9/8/2016 14:30,Wait List,
FA16,41,FDMAT108-14,9/16/2016 17:46,Dropped,
FA16,41,FDMAT108-14,9/16/2016 17:46,Registered,Waitlist Registered
FA16,41,FDMAT108-14,10/27/2016 15:01,Withdrawn,
FA16,41,FDMAT108-15,9/8/2016 14:29,Wait List,
FA16,41,FDMAT108-15,9/8/2016 15:04,Dropped,Waitlist Student Dropped
WI17,42,FDMAT108-A3,12/2/2016 20:31,Registered,
WI17,43,FDMAT108-A3,12/1/2016 17:42,Registered,
WI17,44,FDMAT108-A3,12/11/2016 21:50,Wait List,
WI17,44,FDMAT108-A3,12/27/2016 13:13,Dropped,
WI17,44,FDMAT108-A3,12/27/2016 13:13,Registered,Waitlist Registered
WI17,45,FDMAT108-53,12/17/2016 11:09,Registered,
FA16,46,FDMAT108-14,6/25/2016 12:47,Wait List,
FA16,46,FDMAT108-14,6/25/2016 16:36,Dropped,Waitlist Student Dropped
WI17,47,FDMAT108-A3,12/2/2016 10:28,Registered,
WI17,48,FDMAT108-A3,12/6/2016 11:46,Registered,
FA16,49,FDMAT108-15,7/5/2016 14:34,Registered,
FA16,49,FDMAT108-15,7/5/2016 14:40,Dropped,
FA16,49,FDMAT108-15,7/5/2016 14:45,Registered,
WI17,50,FDMAT108-53,11/27/2016 18:37,Registered,
WI17,50,FDMAT108-53,11/27/2016 18:53,Dropped,
WI17,51,FDMAT108-53,12/13/2016 14:19,Registered,
FA16,52,FDMAT108-15,7/21/2016 12:34,Wait List,
FA16,52,FDMAT108-15,7/21/2016 19:59,Dropped,Waitlist Student Dropped
WI17,53,FDMAT108-A3,12/6/2016 11:10,Registered,
WI17,54,FDMAT108-A3,11/28/2016 12:54,Registered,
WI17,54,FDMAT108-A3,1/23/2017 10:16,Dropped,
WI17,55,FDMAT108-A3,11/28/2016 16:43,Registered,
WI17,55,FDMAT108-A3,11/29/2016 11:42,Dropped,
FA16,56,FDMAT108-15,6/30/2016 11:45,Registered,
FA16,56,FDMAT108-15,6/30/2016 11:46,Dropped,
WI17,57,FDMAT108-A3,11/29/2016 21:01,Registered,
WI17,58,FDMAT108-18,11/21/2016 20:18,Wait List,
WI17,58,FDMAT108-18,11/30/2016 14:14,Dropped,Waitlist Student Dropped
FA16,59,FDMAT108-15,8/17/2016 9:25,Wait List,
FA16,59,FDMAT108-15,9/11/2016 20:58,Dropped,Waitlist Student Dropped
WI17,60,FDMAT108-53,1/9/2017 7:38,Wait List,
WI17,60,FDMAT108-53,1/9/2017 10:10,Dropped,
WI17,60,FDMAT108-53,1/9/2017 10:10,Registered,Waitlist Registered
WI17,61,FDMAT108-A3,12/4/2016 20:32,Registered,
WI17,61,FDMAT108-A3,2/27/2017 18:07,Withdrawn,
FA16,62,FDMAT108-15,7/4/2016 0:09,Registered,
FA16,63,FDMAT108-15,7/4/2016 15:51,Registered,
FA16,63,FDMAT108-15,7/4/2016 15:57,Dropped,
WI17,64,FDMAT108-18,11/24/2016 0:01,Wait List,
WI17,64,FDMAT108-18,1/8/2017 18:52,Dropped,Waitlist Student Dropped
WI17,65,FDMAT108-18,11/23/2016 7:09,Wait List,
WI17,65,FDMAT108-18,11/23/2016 7:12,Dropped,Waitlist Student Dropped
WI17,66,FDMAT108-A3,12/5/2016 14:37,Registered,
FA16,67,FDMAT108-15,7/3/2016 23:44,Registered,
FA16,67,FDMAT108-15,7/4/2016 0:04,Dropped,
FA16,68,FDMAT108-15,8/18/2016 18:27,Wait List,
FA16,68,FDMAT108-15,9/11/2016 14:03,Dropped,Waitlist Student Dropped
WI17,69,FDMAT108-A3,12/27/2016 12:48,Wait List,
WI17,69,FDMAT108-A3,12/27/2016 12:49,Dropped,Waitlist Student Dropped
WI17,70,FDMAT108-A3,11/28/2016 19:19,Registered,
FA16,71,FDMAT108-15,7/16/2016 22:40,Wait List,
FA16,71,FDMAT108-15,8/23/2016 9:24,Dropped,
FA16,71,FDMAT108-15,8/23/2016 9:24,Registered,Waitlist Registered
WI17,72,FDMAT108-18,11/28/2016 8:24,Wait List,
WI17,72,FDMAT108-18,12/14/2016 12:16,Dropped,Waitlist Student Dropped
WI17,72,FDMAT108-53,12/14/2016 12:16,Registered,
WI17,73,FDMAT108-53,12/26/2016 17:31,Wait List,
WI17,73,FDMAT108-53,1/3/2017 21:56,Dropped,
WI17,73,FDMAT108-53,1/3/2017 21:56,Registered,Waitlist Registered
WI17,74,FDMAT108-A3,12/11/2016 18:49,Wait List,
WI17,74,FDMAT108-A3,12/15/2016 10:36,Dropped,
WI17,74,FDMAT108-A3,12/15/2016 10:36,Registered,Waitlist Registered
FA16,75,FDMAT108-15,6/29/2016 11:35,Registered,
FA16,75,FDMAT108-15,6/29/2016 11:45,Dropped,
FA17,76,FDMAT108-33,8/26/2017 10:13,Registered,
FA16,77,FDMAT108-15,9/7/2016 23:48,Wait List,
FA16,77,FDMAT108-15,9/13/2016 23:05,Dropped,Waitlist System Dropped
FA16,78,FDMAT108-15,6/30/2016 19:46,Registered,
FA16,78,FDMAT108-15,7/17/2016 17:40,Dropped,
WI17,79,FDMAT108-18,11/23/2016 5:59,Wait List,
WI17,79,FDMAT108-18,11/25/2016 4:43,Dropped,Waitlist Student Dropped
WI17,80,FDMAT108-53,12/14/2016 8:48,Hist Registered,
WI17,80,FDMAT108-53,1/30/2017 13:56,Hist Withdrawn,
WI17,80,FDMAT108-53,2/24/2017 15:57,Registered,
WI17,80,FDMAT108-53,2/24/2017 15:58,Dropped,
WI17,81,FDMAT108-18,11/16/2016 6:06,Registered,
FA16,82,FDMAT108-15,7/2/2016 23:29,Registered,
WI17,83,FDMAT108-18,11/21/2016 5:56,Registered,
FA16,84,FDMAT108-14,6/15/2016 8:52,Registered,
WI17,85,FDMAT108-A3,12/5/2016 14:04,Registered,
WI17,85,FDMAT108-A3,12/5/2016 14:12,Dropped,
WI17,86,FDMAT108-18,11/23/2016 21:57,Wait List,
WI17,86,FDMAT108-18,1/9/2017 16:00,Dropped,
WI17,86,FDMAT108-18,1/9/2017 16:00,Registered,Waitlist Registered
WI17,87,FDMAT108-53,1/6/2017 12:22,Wait List,
WI17,87,FDMAT108-53,1/8/2017 16:39,Dropped,
WI17,87,FDMAT108-53,1/8/2017 16:39,Registered,Waitlist Registered
FA16,88,FDMAT108-15,6/28/2016 20:46,Registered,
WI17,89,FDMAT108-A3,12/5/2016 13:16,Registered,
WI17,90,FDMAT108-53,12/14/2016 22:42,Registered,
WI17,90,FDMAT108-53,12/14/2016 22:45,Dropped,
FA17,91,FDMAT108-33,8/24/2017 15:07,Registered,
FA17,91,FDMAT108-33,9/18/2017 18:31,Dropped,
FA17,92,FDMAT108-33,9/4/2017 2:19,Wait List,
FA17,92,FDMAT108-33,9/7/2017 14:50,Dropped,Waitlist System Dropped
WI17,92,FDMAT108-53,1/5/2017 12:38,Wait List,
WI17,92,FDMAT108-53,1/6/2017 10:59,Dropped,
WI17,92,FDMAT108-53,1/6/2017 10:59,Registered,Waitlist Registered
WI17,92,FDMAT108-53,1/9/2017 3:04,Dropped,
WI17,93,FDMAT108-A3,11/30/2016 13:18,Registered,
WI17,94,FDMAT108-18,11/23/2016 10:57,Wait List,
WI17,94,FDMAT108-18,1/9/2017 14:11,Dropped,
WI17,94,FDMAT108-18,1/9/2017 14:11,Registered,Waitlist Registered
WI17,95,FDMAT108-A3,12/9/2016 18:01,Registered,
WI17,96,FDMAT108-53,12/16/2016 14:15,Registered,
WI17,97,FDMAT108-53,12/16/2016 14:13,Registered,
WI17,97,FDMAT108-53,2/7/2017 15:06,Withdrawn,
WI17,98,FDMAT108-53,12/11/2016 20:28,Registered,
WI17,98,FDMAT108-53,1/16/2017 12:45,Dropped,
WI17,99,FDMAT108-53,11/16/2016 20:24,Registered,
WI17,99,FDMAT108-53,11/16/2016 20:27,Dropped,
FA16,100,FDMAT108-14,9/5/2016 23:33,Wait List,
FA16,100,FDMAT108-14,9/5/2016 23:34,Dropped,Waitlist Student Dropped
WI17,101,FDMAT108-A3,12/3/2016 15:15,Registered,
FA16,102,FDMAT108-15,7/1/2016 18:36,Registered,
FA16,102,FDMAT108-15,8/3/2016 23:40,Dropped,
WI17,103,FDMAT108-A3,12/4/2016 19:49,Registered,
WI17,103,FDMAT108-A3,1/9/2017 12:59,Dropped,
WI17,104,FDMAT108-53,12/15/2016 14:27,Registered,
WI17,105,FDMAT108-53,11/21/2016 8:54,Registered,
WI17,106,FDMAT108-53,12/8/2016 11:28,Wait List,
WI17,106,FDMAT108-53,12/10/2016 14:50,Dropped,Waitlist System Dropped
WI17,107,FDMAT108-18,11/21/2016 6:15,Wait List,
WI17,107,FDMAT108-18,11/21/2016 6:25,Dropped,Waitlist Student Dropped
FA16,108,FDMAT108-15,8/22/2016 14:14,Wait List,
FA16,108,FDMAT108-15,8/23/2016 10:43,Dropped,Waitlist Student Dropped
WI17,109,FDMAT108-18,11/21/2016 7:28,Wait List,
WI17,109,FDMAT108-18,11/28/2016 7:05,Dropped,Waitlist System Dropped
WI17,109,FDMAT108-18,11/28/2016 18:13,Wait List,
WI17,109,FDMAT108-18,12/1/2016 11:50,Dropped,Waitlist System Dropped
WI17,109,FDMAT108-53,12/1/2016 9:05,Wait List,
WI17,109,FDMAT108-53,12/1/2016 11:47,Dropped,
WI17,109,FDMAT108-53,12/1/2016 11:47,Registered,Waitlist Registered
WI17,110,FDMAT108-18,11/16/2016 6:00,Registered,
WI17,111,FDMAT108-18,11/15/2016 20:47,Registered,
WI17,112,FDMAT108-53,12/12/2016 17:30,Registered,
WI17,112,FDMAT108-53,1/2/2017 20:11,Dropped,
FA17,113,FDMAT108-33,8/24/2017 13:21,Registered,
FA16,114,FDMAT108-14,6/20/2016 10:55,Wait List,
FA16,114,FDMAT108-14,8/1/2016 21:14,Dropped,Waitlist Student Dropped
FA16,114,FDMAT108-15,8/1/2016 21:16,Wait List,
FA16,114,FDMAT108-15,9/2/2016 18:05,Dropped,Waitlist System Dropped
FA16,115,FDMAT108-14,8/4/2016 14:19,Wait List,
FA16,115,FDMAT108-14,8/21/2016 17:36,Dropped,Waitlist Student Dropped
WI17,116,FDMAT108-18,11/15/2016 13:49,Registered,
WI17,116,FDMAT108-18,11/17/2016 19:37,Dropped,
WI17,117,FDMAT108-18,11/21/2016 6:00,Registered,
WI17,118,FDMAT108-18,11/18/2016 5:41,Registered,
FA16,119,FDMAT108-15,7/27/2016 15:21,Wait List,
FA16,119,FDMAT108-15,8/3/2016 13:02,Dropped,Waitlist Student Dropped
FA16,120,FDMAT108-15,7/5/2016 12:42,Registered,
WI17,121,FDMAT108-A3,12/1/2016 19:17,Registered,
WI17,122,FDMAT108-18,11/14/2016 18:33,Registered,
FA16,123,FDMAT108-14,6/15/2016 9:06,Registered,
FA16,124,FDMAT108-15,7/10/2016 9:25,Wait List,
FA16,124,FDMAT108-15,7/13/2016 7:57,Dropped,Waitlist Student Dropped
WI17,125,FDMAT108-18,11/21/2016 7:05,Wait List,
WI17,125,FDMAT108-18,12/31/2016 14:55,Dropped,Waitlist Student Dropped
WI17,126,FDMAT108-18,11/23/2016 10:40,Wait List,
WI17,126,FDMAT108-18,12/2/2016 15:24,Dropped,Waitlist Student Dropped
WI17,127,FDMAT108-18,11/21/2016 10:31,Wait List,
WI17,127,FDMAT108-18,1/9/2017 14:44,Dropped,
WI17,127,FDMAT108-18,1/9/2017 14:44,Registered,Waitlist Registered
WI17,128,FDMAT108-18,11/21/2016 7:54,Wait List,
WI17,128,FDMAT108-18,1/4/2017 23:58,Dropped,
WI17,128,FDMAT108-18,1/4/2017 23:58,Registered,Waitlist Registered
FA16,129,FDMAT108-15,7/5/2016 16:40,Registered,
FA16,129,FDMAT108-15,8/23/2016 1:03,Dropped,
WI17,130,FDMAT108-53,12/14/2016 18:10,Registered,
WI17,131,FDMAT108-A3,12/4/2016 22:36,Registered,
WI17,132,FDMAT108-53,12/13/2016 12:31,Registered,
WI17,133,FDMAT108-18,11/16/2016 6:43,Wait List,
WI17,133,FDMAT108-18,11/16/2016 7:11,Dropped,Waitlist Student Dropped
WI17,133,FDMAT108-A3,12/4/2016 17:37,Registered,
WI17,134,FDMAT108-A3,12/9/2016 11:12,Registered,
WI17,135,FDMAT108-53,11/24/2016 23:55,Registered,
WI17,135,FDMAT108-53,11/25/2016 14:40,Dropped,
WI17,136,FDMAT108-18,12/4/2016 23:09,Wait List,
WI17,136,FDMAT108-18,12/4/2016 23:16,Dropped,Waitlist Student Dropped
WI17,136,FDMAT108-53,12/4/2016 23:11,Wait List,
WI17,136,FDMAT108-53,12/4/2016 23:31,Dropped,Waitlist Student Dropped
WI17,136,FDMAT108-A3,12/4/2016 23:28,Registered,
FA16,137,FDMAT108-15,7/6/2016 14:29,Wait List,
FA16,137,FDMAT108-15,7/6/2016 14:50,Dropped,Waitlist System Dropped
FA16,137,FDMAT108-15,7/7/2016 15:20,Wait List,
FA16,137,FDMAT108-15,7/20/2016 14:41,Dropped,
FA16,137,FDMAT108-15,7/20/2016 14:41,Registered,Waitlist Registered
FA16,137,FDMAT108-15,9/14/2016 10:00,Dropped,
FA16,138,FDMAT108-14,6/27/2016 10:38,Wait List,
FA16,138,FDMAT108-14,8/13/2016 0:35,Dropped,Waitlist System Dropped
WI17,139,FDMAT108-18,11/15/2016 6:08,Registered,
WI17,140,FDMAT108-53,11/22/2016 9:17,Registered,
WI17,141,FDMAT108-53,11/21/2016 19:02,Registered,
WI17,141,FDMAT108-53,12/13/2016 16:19,Dropped,
WI17,142,FDMAT108-A3,11/30/2016 11:14,Registered,
FA17,143,FDMAT108-33,8/26/2017 16:28,Wait List,
FA17,143,FDMAT108-33,9/9/2017 1:51,Dropped,
FA17,143,FDMAT108-33,9/9/2017 1:51,Registered,Waitlist Registered
FA17,143,FDMAT108-33,10/10/2017 17:53,Withdrawn,
WI17,144,FDMAT108-A3,12/9/2016 23:32,Registered,
FA16,145,FDMAT108-15,7/17/2016 17:25,Wait List,
FA16,145,FDMAT108-15,7/17/2016 17:26,Dropped,Waitlist Student Dropped
FA17,146,FDMAT108-33,8/25/2017 18:01,Registered,
WI17,146,FDMAT108-A3,12/5/2016 17:03,Registered,
FA16,147,FDMAT108-14,6/15/2016 9:02,Registered,
FA16,147,FDMAT108-14,6/15/2016 10:02,Dropped,
WI17,148,FDMAT108-53,11/25/2016 0:06,Registered,
WI17,148,FDMAT108-53,1/3/2017 16:56,Dropped,
WI17,149,FDMAT108-53,12/9/2016 18:10,Registered,
FA16,150,FDMAT108-14,6/23/2016 8:43,Wait List,
FA16,150,FDMAT108-14,7/5/2016 13:31,Dropped,Waitlist Student Dropped
FA16,150,FDMAT108-15,7/5/2016 13:31,Registered,
WI17,151,FDMAT108-53,12/10/2016 19:35,Registered,
WI17,151,FDMAT108-53,12/20/2016 16:36,Dropped,
WI17,152,FDMAT108-53,11/26/2016 15:33,Registered,
FA16,153,FDMAT108-15,7/14/2016 17:02,Wait List,
FA16,153,FDMAT108-15,7/14/2016 17:15,Dropped,Waitlist Student Dropped
WI17,154,FDMAT108-18,11/29/2016 11:54,Wait List,
WI17,154,FDMAT108-18,11/29/2016 11:58,Dropped,Waitlist Student Dropped
WI17,155,FDMAT108-53,11/16/2016 15:35,Registered,
WI17,155,FDMAT108-53,11/16/2016 15:37,Dropped,
WI17,156,FDMAT108-18,12/5/2016 16:47,Wait List,
WI17,156,FDMAT108-18,1/6/2017 14:22,Dropped,Waitlist Student Dropped
WI17,157,FDMAT108-18,11/16/2016 6:13,Wait List,
WI17,157,FDMAT108-18,11/16/2016 6:20,Dropped,Waitlist System Dropped
WI17,158,FDMAT108-A3,12/1/2016 18:35,Registered,
WI17,159,FDMAT108-18,11/15/2016 18:30,Registered,
WI17,160,FDMAT108-18,11/16/2016 6:03,Registered,
FA16,161,FDMAT108-14,6/15/2016 9:16,Registered,
WI17,162,FDMAT108-53,11/22/2016 12:53,Registered,
WI17,163,FDMAT108-A3,12/6/2016 12:50,Registered,
WI17,164,FDMAT108-A3,11/29/2016 22:17,Registered,
WI17,164,FDMAT108-A3,12/6/2016 10:23,Dropped,
WI17,165,FDMAT108-53,11/16/2016 6:15,Registered,
WI17,165,FDMAT108-53,11/16/2016 6:16,Dropped,
WI17,166,FDMAT108-53,11/23/2016 13:24,Registered,
FA16,167,FDMAT108-15,6/29/2016 18:21,Registered,
FA16,167,FDMAT108-15,6/30/2016 20:02,Dropped,
WI17,168,FDMAT108-18,11/16/2016 7:02,Wait List,
WI17,168,FDMAT108-18,11/16/2016 7:08,Dropped,Waitlist Student Dropped
WI17,169,FDMAT108-A3,12/7/2016 9:24,Registered,
WI17,170,FDMAT108-18,11/16/2016 6:23,Wait List,
WI17,170,FDMAT108-18,11/16/2016 6:33,Dropped,Waitlist Student Dropped
WI17,171,FDMAT108-A3,11/29/2016 16:10,Registered,
FA17,172,FDMAT108-33,8/25/2017 16:55,Registered,
WI17,173,FDMAT108-53,11/27/2016 23:36,Registered,
WI17,174,FDMAT108-A3,12/7/2016 14:40,Registered,
WI17,175,FDMAT108-18,1/4/2017 23:38,Wait List,
WI17,175,FDMAT108-18,1/5/2017 0:05,Dropped,Waitlist System Dropped
FA17,176,FDMAT108-33,9/20/2017 15:31,Registered,
WI17,177,FDMAT108-A3,12/13/2016 22:22,Wait List,
WI17,177,FDMAT108-A3,12/13/2016 22:25,Dropped,Waitlist Student Dropped
WI17,178,FDMAT108-18,11/16/2016 6:44,Wait List,
WI17,178,FDMAT108-18,11/16/2016 6:57,Dropped,Waitlist Student Dropped
FA16,179,FDMAT108-14,6/14/2016 18:51,Registered,
FA16,179,FDMAT108-14,6/14/2016 20:01,Dropped,
FA16,179,FDMAT108-14,6/14/2016 20:05,Registered,
FA16,179,FDMAT108-14,6/14/2016 20:11,Dropped,
FA17,180,FDMAT108-33,8/25/2017 19:51,Registered,
WI17,181,FDMAT108-18,11/14/2016 17:47,Registered,
WI17,181,FDMAT108-18,1/4/2017 17:52,Dropped,
FA16,182,FDMAT108-15,9/11/2016 19:16,Wait List,
FA16,182,FDMAT108-15,9/16/2016 9:54,Dropped,
FA16,182,FDMAT108-15,9/16/2016 9:54,Registered,Waitlist Registered
FA17,183,FDMAT108-33,8/25/2017 11:36,Registered,
WI17,184,FDMAT108-53,12/7/2016 21:31,Wait List,
WI17,184,FDMAT108-53,12/10/2016 14:50,Dropped,Waitlist System Dropped
WI17,185,FDMAT108-53,1/2/2017 9:59,Wait List,
WI17,185,FDMAT108-53,1/3/2017 8:50,Dropped,Waitlist System Dropped
WI17,186,FDMAT108-A3,12/16/2016 19:34,Wait List,
WI17,186,FDMAT108-A3,1/5/2017 14:48,Dropped,Waitlist Student Dropped
FA17,187,FDMAT108-33,8/25/2017 16:38,Registered,
FA16,188,FDMAT108-14,7/15/2016 15:19,Wait List,
FA16,188,FDMAT108-14,8/22/2016 16:22,Dropped,
FA16,188,FDMAT108-14,8/22/2016 16:22,Registered,Waitlist Registered
WI17,189,FDMAT108-53,11/16/2016 6:57,Registered,
FA16,190,FDMAT108-15,7/4/2016 10:06,Registered,
FA16,190,FDMAT108-15,8/25/2016 16:23,Dropped,
FA16,191,FDMAT108-15,8/8/2016 19:26,Wait List,
FA16,191,FDMAT108-15,8/8/2016 19:45,Dropped,Waitlist Student Dropped
FA16,192,FDMAT108-15,7/7/2016 9:44,Wait List,
FA16,192,FDMAT108-15,7/20/2016 12:35,Dropped,Waitlist System Dropped
WI17,192,FDMAT108-53,12/3/2016 12:47,Wait List,
WI17,192,FDMAT108-53,12/10/2016 14:50,Dropped,Waitlist System Dropped
WI17,192,FDMAT108-53,1/4/2017 18:22,Wait List,
WI17,192,FDMAT108-53,1/6/2017 12:43,Dropped,
WI17,192,FDMAT108-53,1/6/2017 12:43,Registered,Waitlist Registered
WI17,193,FDMAT108-53,12/11/2016 22:29,Registered,
WI17,193,FDMAT108-53,1/2/2017 20:22,Dropped,
WI17,194,FDMAT108-53,12/15/2016 21:41,Registered,
WI17,195,FDMAT108-18,11/16/2016 12:18,Wait List,
WI17,195,FDMAT108-18,11/16/2016 12:34,Dropped,Waitlist Student Dropped
WI17,196,FDMAT108-18,11/11/2016 6:07,Registered,
FA16,197,FDMAT108-14,8/10/2016 9:18,Wait List,
FA16,197,FDMAT108-14,9/14/2016 20:32,Dropped,Waitlist Student Dropped
FA16,198,FDMAT108-14,6/17/2016 11:13,Wait List,
FA16,198,FDMAT108-14,8/9/2016 13:37,Dropped,
FA16,198,FDMAT108-14,8/9/2016 13:37,Registered,Waitlist Registered
FA17,199,FDMAT108-33,8/22/2017 21:18,Registered,
WI17,200,FDMAT108-53,12/20/2016 10:24,Wait List,
WI17,200,FDMAT108-53,12/21/2016 17:05,Dropped,Waitlist System Dropped
WI17,200,FDMAT108-53,12/21/2016 18:26,Wait List,
WI17,200,FDMAT108-53,12/21/2016 18:48,Dropped,Waitlist Student Dropped
FA16,201,FDMAT108-14,7/3/2016 20:03,Wait List,
FA16,201,FDMAT108-14,8/13/2016 10:53,Dropped,
FA16,201,FDMAT108-14,8/13/2016 10:53,Registered,Waitlist Registered
FA16,202,FDMAT108-14,6/28/2016 10:05,Wait List,
FA16,202,FDMAT108-14,7/1/2016 15:36,Dropped,Waitlist Student Dropped
WI17,203,FDMAT108-18,11/23/2016 6:01,Wait List,
WI17,203,FDMAT108-18,12/2/2016 14:58,Dropped,Waitlist Student Dropped
WI17,204,FDMAT108-53,11/23/2016 5:59,Registered,
WI17,205,FDMAT108-53,12/12/2016 15:01,Registered,
FA17,206,FDMAT108-33,8/23/2017 14:28,Registered,
WI17,207,FDMAT108-53,12/12/2016 14:09,Registered,
FA16,208,FDMAT108-15,8/8/2016 21:39,Wait List,
FA16,208,FDMAT108-15,9/3/2016 22:01,Dropped,
FA16,208,FDMAT108-15,9/3/2016 22:02,Registered,Waitlist Registered
WI17,209,FDMAT108-18,11/14/2016 8:23,Registered,
FA16,210,FDMAT108-15,6/30/2016 7:43,Registered,
FA16,210,FDMAT108-15,11/3/2016 10:50,Withdrawn,
FA17,211,FDMAT108-33,8/25/2017 20:15,Registered,
FA17,212,FDMAT108-33,8/24/2017 10:16,Registered,
FA16,213,FDMAT108-15,7/12/2016 17:19,Wait List,
FA16,213,FDMAT108-15,7/31/2016 11:20,Dropped,Waitlist System Dropped
WI17,214,FDMAT108-18,11/19/2016 19:44,Registered,
WI17,215,FDMAT108-53,11/23/2016 6:00,Registered,
WI17,216,FDMAT108-A3,11/30/2016 23:57,Registered,
FA17,217,FDMAT108-33,8/30/2017 17:35,Wait List,
FA17,217,FDMAT108-33,9/12/2017 19:53,Dropped,
FA17,217,FDMAT108-33,9/12/2017 19:53,Registered,Waitlist Registered
FA16,218,FDMAT108-15,7/2/2016 11:15,Registered,
FA16,218,FDMAT108-15,7/24/2016 17:00,Dropped,
FA16,219,FDMAT108-15,7/1/2016 15:10,Registered,
FA16,220,FDMAT108-14,9/11/2016 17:42,Wait List,
FA16,220,FDMAT108-14,9/14/2016 13:49,Dropped,Waitlist Student Dropped
WI17,221,FDMAT108-A3,12/15/2016 20:16,Wait List,
WI17,221,FDMAT108-A3,1/9/2017 12:21,Dropped,
WI17,221,FDMAT108-A3,1/9/2017 12:21,Registered,Waitlist Registered
WI17,222,FDMAT108-53,11/28/2016 15:47,Registered,
FA16,223,FDMAT108-15,9/14/2016 13:00,Wait List,
FA16,223,FDMAT108-15,9/16/2016 10:40,Dropped,
FA16,223,FDMAT108-15,9/16/2016 10:40,Registered,Waitlist Registered
WI17,224,FDMAT108-53,11/30/2016 19:09,Registered,
WI17,225,FDMAT108-53,12/2/2016 13:32,Wait List,
WI17,225,FDMAT108-53,12/9/2016 14:52,Dropped,
WI17,225,FDMAT108-53,12/9/2016 14:52,Registered,Waitlist Registered
WI17,225,FDMAT108-53,1/6/2017 10:32,Dropped,
FA16,226,FDMAT108-14,8/13/2016 18:01,Wait List,
FA16,226,FDMAT108-14,9/2/2016 20:02,Dropped,Waitlist Student Dropped
WI17,227,FDMAT108-A3,12/14/2016 12:08,Wait List,
WI17,227,FDMAT108-A3,1/2/2017 10:54,Dropped,Waitlist Student Dropped
FA17,228,FDMAT108-33,8/22/2017 20:28,Registered,
FA17,228,FDMAT108-33,10/31/2017 13:27,Withdrawn,
FA16,229,FDMAT108-15,6/28/2016 18:08,Registered,
FA16,230,FDMAT108-15,6/30/2016 16:00,Registered,
FA16,231,FDMAT108-14,6/20/2016 7:09,Wait List,
FA16,231,FDMAT108-14,8/11/2016 0:05,Dropped,Waitlist System Dropped
FA16,232,FDMAT108-14,6/18/2016 8:28,Wait List,
FA16,232,FDMAT108-14,7/1/2016 18:55,Dropped,Waitlist Student Dropped
WI17,233,FDMAT108-18,11/16/2016 6:04,Registered,
WI17,234,FDMAT108-53,11/29/2016 23:42,Registered,
WI17,235,FDMAT108-A3,12/2/2016 12:51,Registered,
FA16,236,FDMAT108-15,7/7/2016 8:18,Wait List,
FA16,236,FDMAT108-15,7/19/2016 12:20,Dropped,Waitlist System Dropped
FA16,236,FDMAT108-15,7/22/2016 8:01,Wait List,
FA16,236,FDMAT108-15,9/1/2016 22:44,Dropped,
FA16,236,FDMAT108-15,9/1/2016 22:44,Registered,Waitlist Registered
FA16,237,FDMAT108-15,6/29/2016 2:11,Registered,
FA16,237,FDMAT108-15,7/20/2016 6:26,Dropped,
WI17,238,FDMAT108-53,12/2/2016 15:50,Wait List,
WI17,238,FDMAT108-53,12/6/2016 13:05,Dropped,Waitlist System Dropped
WI17,239,FDMAT108-53,1/3/2017 16:13,Wait List,
WI17,239,FDMAT108-53,1/3/2017 16:47,Dropped,Waitlist Student Dropped
FA16,240,FDMAT108-15,7/5/2016 17:11,Registered,
FA16,241,FDMAT108-15,7/31/2016 14:11,Wait List,
FA16,241,FDMAT108-15,8/12/2016 19:31,Dropped,Waitlist Student Dropped
FA16,242,FDMAT108-14,7/6/2016 17:24,Wait List,
FA16,242,FDMAT108-14,7/12/2016 12:08,Dropped,Waitlist Student Dropped
WI17,243,FDMAT108-18,12/10/2016 16:17,Wait List,
WI17,243,FDMAT108-18,12/18/2016 17:20,Dropped,Waitlist System Dropped
WI17,243,FDMAT108-53,1/6/2017 11:57,Wait List,
WI17,243,FDMAT108-53,1/7/2017 12:38,Dropped,
WI17,243,FDMAT108-53,1/7/2017 12:38,Registered,Waitlist Registered
WI17,244,FDMAT108-53,11/16/2016 6:26,Registered,
WI17,244,FDMAT108-53,11/16/2016 6:45,Dropped,
WI17,245,FDMAT108-18,1/10/2017 16:00,Wait List,
WI17,245,FDMAT108-18,1/11/2017 10:34,Dropped,Waitlist Student Dropped
WI17,245,FDMAT108-A3,1/11/2017 10:36,Wait List,
WI17,245,FDMAT108-A3,1/11/2017 14:41,Dropped,
WI17,245,FDMAT108-A3,1/11/2017 14:41,Registered,Waitlist Registered
FA16,246,FDMAT108-15,7/15/2016 15:11,Dropped,Waitlist Student Dropped
FA16,246,FDMAT108-15,7/15/2016 15:11,Wait List,
FA17,247,FDMAT108-33,8/24/2017 15:46,Registered,
FA17,247,FDMAT108-33,10/10/2017 8:55,Withdrawn,
FA16,248,FDMAT108-15,7/12/2016 22:46,Wait List,
FA16,248,FDMAT108-15,8/1/2016 11:01,Dropped,
FA16,248,FDMAT108-15,8/1/2016 11:01,Registered,Waitlist Registered
WI17,249,FDMAT108-A3,12/13/2016 21:26,Wait List,
WI17,249,FDMAT108-A3,1/9/2017 12:41,Dropped,
WI17,249,FDMAT108-A3,1/9/2017 12:41,Registered,Waitlist Registered
WI17,250,FDMAT108-53,11/21/2016 11:12,Registered,
WI17,250,FDMAT108-53,11/21/2016 11:16,Dropped,
FA16,251,FDMAT108-15,7/1/2016 20:07,Registered,
FA17,252,FDMAT108-33,8/25/2017 10:36,Registered,
WI17,253,FDMAT108-18,11/15/2016 6:03,Registered,
WI17,254,FDMAT108-18,11/16/2016 6:02,Registered,
WI17,255,FDMAT108-18,11/15/2016 6:06,Registered,
WI17,256,FDMAT108-A3,12/5/2016 10:05,Registered,
FA16,257,FDMAT108-15,7/14/2016 14:20,Wait List,
FA16,257,FDMAT108-15,8/4/2016 21:51,Dropped,
FA16,257,FDMAT108-15,8/4/2016 21:51,Registered,Waitlist Registered
WI17,258,FDMAT108-53,12/5/2016 15:44,Wait List,
WI17,258,FDMAT108-53,12/10/2016 14:50,Dropped,Waitlist System Dropped
WI17,258,FDMAT108-53,12/13/2016 11:47,Registered,
FA17,259,FDMAT108-33,8/23/2017 15:49,Registered,
WI17,260,FDMAT108-53,11/24/2016 1:52,Registered,
WI17,260,FDMAT108-53,12/9/2016 19:46,Dropped,
WI17,260,FDMAT108-A3,12/9/2016 19:48,Registered,
WI17,261,FDMAT108-53,11/23/2016 8:49,Registered,
WI17,262,FDMAT108-18,11/24/2016 0:30,Wait List,
WI17,262,FDMAT108-18,1/9/2017 20:55,Dropped,
WI17,262,FDMAT108-18,1/9/2017 20:55,Registered,Waitlist Registered
WI17,263,FDMAT108-A3,12/4/2016 20:32,Registered,
FA16,264,FDMAT108-14,6/15/2016 9:20,Registered,
WI17,265,FDMAT108-18,11/21/2016 17:38,Wait List,
WI17,265,FDMAT108-18,11/21/2016 17:53,Dropped,Waitlist Student Dropped
WI17,266,FDMAT108-18,11/21/2016 6:01,Registered,
WI17,266,FDMAT108-18,1/25/2017 17:57,Dropped,
FA16,267,FDMAT108-14,7/8/2016 22:48,Wait List,
FA16,267,FDMAT108-14,7/9/2016 0:04,Dropped,Waitlist Student Dropped
WI17,268,FDMAT108-18,12/13/2016 12:19,Wait List,
WI17,268,FDMAT108-18,12/13/2016 12:37,Dropped,Waitlist Student Dropped
FA16,269,FDMAT108-15,7/6/2016 22:08,Wait List,
FA16,269,FDMAT108-15,7/18/2016 7:12,Dropped,
FA16,269,FDMAT108-15,7/18/2016 7:12,Registered,Waitlist Registered
FA16,270,FDMAT108-15,7/3/2016 1:21,Registered,
FA16,270,FDMAT108-15,9/14/2016 18:18,Dropped,
WI17,271,FDMAT108-18,11/16/2016 6:03,Registered,
WI17,272,FDMAT108-53,11/27/2016 23:51,Registered,
WI17,272,FDMAT108-53,1/4/2017 11:10,Dropped,
WI17,273,FDMAT108-53,11/28/2016 10:14,Registered,
FA16,274,FDMAT108-15,7/1/2016 21:17,Registered,
FA16,274,FDMAT108-15,8/30/2016 17:14,Dropped,
WI17,275,FDMAT108-53,11/23/2016 8:46,Registered,
WI17,276,FDMAT108-18,11/15/2016 6:01,Registered,
FA17,277,FDMAT108-33,8/23/2017 21:59,Registered,
WI17,278,FDMAT108-53,11/23/2016 6:36,Registered,
WI17,279,FDMAT108-53,12/1/2016 7:39,Registered,
WI17,279,FDMAT108-53,12/1/2016 9:12,Dropped,
FA16,280,FDMAT108-14,6/15/2016 7:21,Registered,
FA16,281,FDMAT108-15,7/20/2016 13:51,Wait List,
FA16,281,FDMAT108-15,7/21/2016 21:09,Dropped,Waitlist Student Dropped
WI17,281,FDMAT108-18,1/4/2017 14:22,Wait List,
WI17,281,FDMAT108-18,1/9/2017 15:47,Dropped,
WI17,281,FDMAT108-18,1/9/2017 15:47,Registered,Waitlist Registered
FA16,282,FDMAT108-15,6/30/2016 23:11,Registered,
FA16,282,FDMAT108-15,7/29/2016 14:47,Dropped,
FA16,283,FDMAT108-14,6/15/2016 9:37,Wait List,
FA16,283,FDMAT108-14,6/16/2016 9:05,Dropped,
FA16,283,FDMAT108-14,6/16/2016 9:05,Registered,Waitlist Registered
FA16,284,FDMAT108-14,6/15/2016 6:30,Registered,
FA16,284,FDMAT108-14,6/15/2016 8:09,Dropped,
FA16,285,FDMAT108-14,6/15/2016 9:39,Wait List,
FA16,285,FDMAT108-14,6/15/2016 10:12,Dropped,Waitlist Student Dropped
FA16,286,FDMAT108-15,7/5/2016 18:53,Registered,
WI17,287,FDMAT108-53,11/30/2016 8:27,Registered,
WI17,287,FDMAT108-53,1/9/2017 18:55,Dropped,
FA16,288,FDMAT108-14,6/15/2016 9:06,Registered,
FA16,289,FDMAT108-15,7/1/2016 18:02,Registered,
FA17,290,FDMAT108-33,8/24/2017 12:49,Registered,
WI17,291,FDMAT108-53,12/18/2016 18:30,Registered,
FA16,292,FDMAT108-14,6/15/2016 6:13,Registered,
FA16,293,FDMAT108-15,7/5/2016 9:10,Registered,
FA16,294,FDMAT108-15,7/2/2016 18:48,Registered,
FA16,295,FDMAT108-14,6/15/2016 20:35,Wait List,
FA16,295,FDMAT108-14,6/15/2016 21:06,Dropped,Waitlist Student Dropped
WI17,296,FDMAT108-A3,11/28/2016 17:07,Registered,
WI17,297,FDMAT108-53,11/16/2016 6:00,Registered,
WI17,297,FDMAT108-53,11/16/2016 6:13,Dropped,
FA16,298,FDMAT108-14,6/15/2016 6:17,Registered,
FA16,298,FDMAT108-14,6/15/2016 6:29,Dropped,
FA16,299,FDMAT108-14,6/19/2016 16:55,Wait List,
FA16,299,FDMAT108-14,6/19/2016 16:59,Dropped,Waitlist Student Dropped
FA16,300,FDMAT108-14,6/15/2016 9:05,Registered,
WI17,301,FDMAT108-18,11/21/2016 12:42,Wait List,
WI17,301,FDMAT108-18,11/28/2016 14:35,Dropped,Waitlist System Dropped
WI17,302,FDMAT108-A3,12/9/2016 12:38,Registered,
FA16,303,FDMAT108-14,8/28/2016 19:14,Wait List,
FA16,303,FDMAT108-14,9/12/2016 14:33,Dropped,Waitlist Student Dropped
WI17,304,FDMAT108-18,11/21/2016 6:01,Registered,
FA16,305,FDMAT108-15,6/29/2016 7:38,Registered,
WI17,306,FDMAT108-18,11/14/2016 6:07,Registered,
FA16,307,FDMAT108-14,6/14/2016 15:47,Registered,
WI17,308,FDMAT108-A3,12/3/2016 15:34,Registered,
WI17,309,FDMAT108-18,11/16/2016 6:06,Registered,
WI17,310,FDMAT108-A3,11/30/2016 21:58,Registered,
FA16,311,FDMAT108-14,6/21/2016 12:26,Wait List,
FA16,311,FDMAT108-14,7/1/2016 22:50,Dropped,Waitlist System Dropped
WI17,312,FDMAT108-18,11/16/2016 6:04,Registered,
WI17,313,FDMAT108-53,11/21/2016 9:46,Registered,
WI17,313,FDMAT108-53,11/21/2016 18:35,Dropped,
WI17,314,FDMAT108-18,11/16/2016 6:06,Registered,
FA16,315,FDMAT108-15,6/29/2016 20:35,Registered,
FA17,316,FDMAT108-33,8/22/2017 21:44,Registered,
FA17,316,FDMAT108-33,9/12/2017 11:20,Dropped,
FA16,317,FDMAT108-14,6/15/2016 8:57,Registered,
FA16,318,FDMAT108-14,6/15/2016 6:18,Registered,
FA16,318,FDMAT108-14,6/15/2016 6:34,Dropped,
FA16,319,FDMAT108-15,7/17/2016 21:31,Wait List,
FA16,319,FDMAT108-15,8/27/2016 17:05,Dropped,Waitlist System Dropped
WI17,320,FDMAT108-18,11/16/2016 6:00,Registered,
FA16,321,FDMAT108-15,8/17/2016 12:35,Wait List,
FA16,321,FDMAT108-15,9/14/2016 11:39,Dropped,
FA16,321,FDMAT108-15,9/14/2016 11:39,Registered,Waitlist Registered
FA16,321,FDMAT108-15,9/18/2016 23:41,Dropped,
WI17,322,FDMAT108-A3,1/2/2017 17:32,Wait List,
WI17,322,FDMAT108-A3,1/2/2017 17:35,Dropped,Waitlist System Dropped
FA16,323,FDMAT108-14,6/15/2016 7:59,Registered,
FA16,323,FDMAT108-14,6/15/2016 8:24,Dropped,
WI17,324,FDMAT108-53,11/21/2016 7:45,Registered,
WI17,325,FDMAT108-18,11/21/2016 14:14,Wait List,
WI17,325,FDMAT108-18,1/9/2017 14:55,Dropped,
WI17,325,FDMAT108-18,1/9/2017 14:55,Registered,Waitlist Registered
WI17,326,FDMAT108-18,11/16/2016 6:04,Registered,
WI17,327,FDMAT108-18,11/15/2016 9:39,Registered,
FA17,328,FDMAT108-33,8/24/2017 18:27,Registered,
FA16,329,FDMAT108-15,7/1/2016 11:31,Registered,
WI17,330,FDMAT108-18,11/22/2016 0:31,Wait List,
WI17,330,FDMAT108-18,1/8/2017 14:50,Dropped,Waitlist System Dropped
WI17,331,FDMAT108-18,12/4/2016 15:11,Wait List,
WI17,331,FDMAT108-18,12/4/2016 15:12,Dropped,Waitlist Student Dropped
FA16,332,FDMAT108-14,6/14/2016 6:08,Registered,
FA16,333,FDMAT108-14,6/15/2016 8:06,Registered,
WI17,334,FDMAT108-53,11/22/2016 11:16,Registered,
WI17,334,FDMAT108-53,11/29/2016 13:27,Dropped,
WI17,335,FDMAT108-18,11/15/2016 6:23,Registered,
FA16,336,FDMAT108-14,6/15/2016 9:22,Registered,
FA16,336,FDMAT108-14,6/21/2016 23:47,Dropped,
FA16,337,FDMAT108-14,6/15/2016 9:26,Wait List,
FA16,337,FDMAT108-14,6/15/2016 10:16,Dropped,Waitlist Student Dropped
FA16,338,FDMAT108-14,6/14/2016 6:29,Registered,
FA16,338,FDMAT108-14,9/6/2016 17:13,Dropped,
WI17,339,FDMAT108-A3,1/1/2017 17:28,Wait List,
WI17,339,FDMAT108-A3,1/7/2017 16:46,Dropped,Waitlist Student Dropped
FA16,340,FDMAT108-14,6/15/2016 8:49,Registered,
FA16,341,FDMAT108-14,6/15/2016 9:18,Registered,
FA16,342,FDMAT108-14,6/15/2016 6:07,Registered,
FA16,342,FDMAT108-14,8/9/2016 23:35,Dropped,
FA16,343,FDMAT108-14,6/15/2016 7:37,Registered,
FA16,343,FDMAT108-14,6/21/2016 19:36,Dropped,
FA16,344,FDMAT108-15,7/1/2016 18:26,Registered,
FA16,344,FDMAT108-15,7/1/2016 18:33,Dropped,
FA16,345,FDMAT108-14,6/15/2016 6:46,Registered,
FA16,346,FDMAT108-14,6/14/2016 6:24,Registered,
FA16,346,FDMAT108-14,6/14/2016 6:34,Dropped,
WI17,347,FDMAT108-A3,11/29/2016 19:50,Registered,
WI17,347,FDMAT108-A3,12/26/2016 16:37,Dropped,
WI17,348,FDMAT108-18,11/21/2016 6:05,Wait List,
WI17,348,FDMAT108-18,11/21/2016 6:10,Dropped,Waitlist Student Dropped
FA16,349,FDMAT108-14,6/15/2016 6:51,Registered,
FA16,350,FDMAT108-14,6/15/2016 15:05,Wait List,
FA16,350,FDMAT108-14,6/24/2016 11:23,Dropped,
FA16,350,FDMAT108-14,6/24/2016 11:23,Registered,Waitlist Registered
FA16,350,FDMAT108-14,8/10/2016 14:22,Dropped,
FA16,351,FDMAT108-14,6/15/2016 6:15,Registered,
FA16,352,FDMAT108-14,9/9/2016 11:14,Wait List,
FA16,352,FDMAT108-14,9/9/2016 23:45,Dropped,Waitlist Student Dropped
FA16,353,FDMAT108-15,9/11/2016 22:48,Wait List,
FA16,353,FDMAT108-15,9/12/2016 14:53,Dropped,Waitlist Student Dropped
FA16,354,FDMAT108-15,7/8/2016 10:37,Wait List,
FA16,354,FDMAT108-15,7/27/2016 15:50,Dropped,Waitlist System Dropped
WI17,355,FDMAT108-53,11/22/2016 10:55,Registered,
FA16,356,FDMAT108-14,6/15/2016 6:24,Registered,
FA16,356,FDMAT108-14,6/15/2016 6:28,Dropped,
FA16,356,FDMAT108-14,6/15/2016 6:30,Registered,
FA16,356,FDMAT108-14,8/9/2016 13:30,Dropped,
FA16,357,FDMAT108-15,6/30/2016 19:53,Registered,
FA16,358,FDMAT108-15,7/19/2016 10:46,Wait List,
FA16,358,FDMAT108-15,8/31/2016 17:35,Dropped,Waitlist System Dropped
FA16,358,FDMAT108-15,9/1/2016 0:26,Wait List,
FA16,358,FDMAT108-15,9/14/2016 18:34,Dropped,
FA16,358,FDMAT108-15,9/14/2016 18:34,Registered,Waitlist Registered
FA16,358,FDMAT108-15,9/17/2016 14:33,Dropped,
WI17,359,FDMAT108-18,11/16/2016 6:04,Registered,
FA16,360,FDMAT108-15,8/4/2016 18:08,Wait List,
FA16,360,FDMAT108-15,8/4/2016 18:51,Dropped,Waitlist Student Dropped
FA16,361,FDMAT108-14,6/15/2016 6:44,Registered,
FA16,362,FDMAT108-14,6/15/2016 6:41,Registered,
WI17,363,FDMAT108-A3,12/1/2016 21:07,Registered,
FA16,364,FDMAT108-14,6/15/2016 9:08,Registered,
WI17,365,FDMAT108-18,11/16/2016 7:09,Wait List,
WI17,365,FDMAT108-18,11/17/2016 15:19,Dropped,
WI17,365,FDMAT108-18,11/17/2016 15:19,Registered,Waitlist Registered
FA17,366,FDMAT108-33,8/25/2017 15:43,Registered,
FA17,366,FDMAT108-33,11/6/2017 12:34,Withdrawn,
FA16,367,FDMAT108-15,8/14/2016 17:36,Wait List,
FA16,367,FDMAT108-15,8/14/2016 18:38,Dropped,Waitlist Student Dropped
WI17,368,FDMAT108-18,12/18/2016 19:10,Wait List,
WI17,368,FDMAT108-18,1/4/2017 18:29,Dropped,Waitlist Student Dropped
FA16,369,FDMAT108-15,6/29/2016 17:51,Registered,
FA16,370,FDMAT108-15,7/12/2016 1:08,Wait List,
FA16,370,FDMAT108-15,7/27/2016 19:50,Dropped,Waitlist System Dropped
FA16,371,FDMAT108-14,6/15/2016 6:31,Registered,
FA16,371,FDMAT108-14,6/15/2016 6:37,Dropped,
FA16,372,FDMAT108-15,7/10/2016 17:57,Wait List,
FA16,372,FDMAT108-15,7/10/2016 18:14,Dropped,Waitlist Student Dropped
FA16,372,FDMAT108-15,8/28/2016 13:05,Wait List,
FA16,372,FDMAT108-15,9/13/2016 16:47,Dropped,Waitlist Student Dropped
WI17,372,FDMAT108-53,1/3/2017 17:52,Wait List,
WI17,372,FDMAT108-53,1/5/2017 10:36,Dropped,
WI17,372,FDMAT108-53,1/5/2017 10:36,Registered,Waitlist Registered
WI17,373,FDMAT108-53,11/21/2016 6:03,Registered,
WI17,374,FDMAT108-18,11/16/2016 6:04,Registered,
FA16,375,FDMAT108-14,6/15/2016 6:22,Registered,
FA16,375,FDMAT108-14,6/15/2016 6:26,Dropped,
FA16,376,FDMAT108-15,8/30/2016 21:07,Wait List,
FA16,376,FDMAT108-15,9/6/2016 17:30,Dropped,Waitlist Student Dropped
FA17,377,FDMAT108-33,8/25/2017 14:24,Registered,
FA16,378,FDMAT108-14,6/15/2016 9:01,Registered,
FA16,378,FDMAT108-14,11/8/2016 8:55,Withdrawn,
WI17,379,FDMAT108-53,11/18/2016 21:36,Registered,
FA16,380,FDMAT108-14,8/22/2016 13:55,Wait List,
FA16,380,FDMAT108-14,9/15/2016 11:14,Dropped,Waitlist Student Dropped
FA16,381,FDMAT108-15,7/7/2016 16:32,Wait List,
FA16,381,FDMAT108-15,7/25/2016 10:52,Dropped,
FA16,381,FDMAT108-15,7/25/2016 10:52,Registered,Waitlist Registered
WI17,382,FDMAT108-A3,11/30/2016 11:29,Registered,
WI17,383,FDMAT108-18,11/21/2016 15:33,Wait List,
WI17,383,FDMAT108-18,12/20/2016 19:53,Dropped,Waitlist Student Dropped
FA16,384,FDMAT108-14,6/15/2016 6:11,Registered,
FA16,384,FDMAT108-14,6/15/2016 6:19,Dropped,
FA16,384,FDMAT108-14,6/15/2016 6:20,Registered,
FA16,384,FDMAT108-14,6/15/2016 6:21,Dropped,
FA16,385,FDMAT108-15,7/5/2016 17:06,Registered,
WI17,386,FDMAT108-18,11/16/2016 6:10,Wait List,
WI17,386,FDMAT108-18,11/17/2016 17:12,Dropped,
WI17,386,FDMAT108-18,11/17/2016 17:12,Registered,Waitlist Registered
FA16,387,FDMAT108-14,6/15/2016 17:00,Wait List,
FA16,387,FDMAT108-14,8/2/2016 19:06,Dropped,
FA16,387,FDMAT108-14,8/2/2016 19:06,Registered,Waitlist Registered
FA16,388,FDMAT108-14,6/15/2016 7:48,Registered,
FA17,389,FDMAT108-33,8/29/2017 11:12,Wait List,
FA17,389,FDMAT108-33,8/29/2017 13:25,Dropped,Waitlist Student Dropped
WI17,390,FDMAT108-A3,12/6/2016 17:31,Registered,
WI17,391,FDMAT108-A3,12/1/2016 11:33,Registered,
FA17,392,FDMAT108-33,8/24/2017 8:31,Hist Registered,
FA17,392,FDMAT108-33,11/2/2017 17:09,Hist Withdrawn,
FA17,392,FDMAT108-33,11/3/2017 10:25,Registered,
FA17,392,FDMAT108-33,11/3/2017 10:25,Withdrawn,
WI17,393,FDMAT108-53,12/1/2016 18:44,Registered,
WI17,394,FDMAT108-A3,12/13/2016 8:00,Wait List,
WI17,394,FDMAT108-A3,12/13/2016 9:10,Dropped,Waitlist Student Dropped
FA16,395,FDMAT108-14,6/15/2016 10:19,Wait List,
FA16,395,FDMAT108-14,6/22/2016 12:16,Dropped,
FA16,395,FDMAT108-14,6/22/2016 12:16,Registered,Waitlist Registered
FA16,396,FDMAT108-14,6/15/2016 10:27,Wait List,
FA16,396,FDMAT108-14,6/23/2016 0:05,Dropped,Waitlist System Dropped
FA16,397,FDMAT108-15,7/17/2016 13:45,Wait List,
FA16,397,FDMAT108-15,8/26/2016 16:50,Dropped,Waitlist System Dropped
FA16,397,FDMAT108-15,9/11/2016 16:51,Wait List,
FA16,397,FDMAT108-15,9/16/2016 9:57,Dropped,
FA16,397,FDMAT108-15,9/16/2016 9:57,Registered,Waitlist Registered
WI17,398,FDMAT108-53,11/30/2016 23:55,Registered,
WI17,398,FDMAT108-53,12/1/2016 0:22,Dropped,
WI17,398,FDMAT108-A3,12/1/2016 0:24,Registered,
FA16,399,FDMAT108-14,6/15/2016 8:07,Registered,
FA16,399,FDMAT108-14,8/22/2016 15:39,Dropped,
WI17,400,FDMAT108-53,11/30/2016 22:51,Registered,
WI17,400,FDMAT108-53,12/1/2016 15:46,Dropped,
FA16,401,FDMAT108-14,6/15/2016 6:03,Registered,
FA16,402,FDMAT108-15,8/8/2016 22:09,Wait List,
FA16,402,FDMAT108-15,9/9/2016 23:18,Dropped,
FA16,402,FDMAT108-15,9/9/2016 23:18,Registered,Waitlist Registered
FA16,403,FDMAT108-14,8/18/2016 20:51,Wait List,
FA16,403,FDMAT108-14,9/16/2016 14:12,Dropped,Waitlist Student Dropped
FA16,403,FDMAT108-15,8/18/2016 20:47,Wait List,
FA16,403,FDMAT108-15,8/18/2016 20:51,Dropped,Waitlist Student Dropped
FA16,404,FDMAT108-14,6/15/2016 6:30,Registered,
WI17,405,FDMAT108-18,11/21/2016 6:12,Wait List,
WI17,405,FDMAT108-18,12/3/2016 0:35,Dropped,Waitlist System Dropped
FA16,406,FDMAT108-15,7/4/2016 8:21,Registered,
FA16,407,FDMAT108-14,6/15/2016 6:06,Registered,
FA16,408,FDMAT108-14,8/10/2016 14:49,Wait List,
FA16,408,FDMAT108-14,8/10/2016 14:51,Dropped,Waitlist Student Dropped
FA16,409,FDMAT108-14,6/15/2016 8:09,Registered,
WI17,410,FDMAT108-18,11/16/2016 6:07,Registered,
FA16,411,FDMAT108-14,6/15/2016 6:27,Registered,
FA16,411,FDMAT108-14,6/15/2016 6:30,Dropped,
FA16,412,FDMAT108-14,6/13/2016 16:14,Registered,
FA16,412,FDMAT108-14,6/13/2016 16:22,Dropped,
FA16,413,FDMAT108-14,6/27/2016 9:26,Wait List,
FA16,413,FDMAT108-14,8/11/2016 15:23,Dropped,
FA16,413,FDMAT108-14,8/11/2016 15:23,Registered,Waitlist Registered
FA16,414,FDMAT108-14,6/15/2016 6:56,Registered,
FA16,414,FDMAT108-14,8/2/2016 18:49,Dropped,
WI17,415,FDMAT108-53,11/21/2016 11:17,Registered,
WI17,415,FDMAT108-53,2/22/2017 14:15,Withdrawn,
FA16,416,FDMAT108-15,7/1/2016 12:59,Registered,
FA16,416,FDMAT108-15,7/26/2016 15:25,Dropped,
WI17,417,FDMAT108-53,12/21/2016 21:36,Wait List,
WI17,417,FDMAT108-53,1/2/2017 20:51,Dropped,
WI17,417,FDMAT108-53,1/2/2017 20:51,Registered,Waitlist Registered
WI17,417,FDMAT108-53,2/1/2017 15:56,Withdrawn,
FA16,418,FDMAT108-15,6/30/2016 16:29,Registered,
FA16,418,FDMAT108-15,6/30/2016 19:39,Dropped,
FA16,419,FDMAT108-14,6/18/2016 21:56,Wait List,
FA16,419,FDMAT108-14,7/2/2016 19:11,Dropped,Waitlist Student Dropped
WI17,420,FDMAT108-A3,12/6/2016 15:36,Registered,
WI17,420,FDMAT108-A3,12/15/2016 10:22,Dropped,
FA16,421,FDMAT108-15,6/29/2016 9:54,Registered,
WI17,422,FDMAT108-18,11/15/2016 10:35,Registered,
FA16,423,FDMAT108-14,6/15/2016 7:29,Registered,
FA16,424,FDMAT108-15,6/29/2016 14:01,Registered,
FA16,424,FDMAT108-15,6/29/2016 14:04,Dropped,
FA16,425,FDMAT108-15,9/1/2016 15:39,Wait List,
FA16,425,FDMAT108-15,9/15/2016 23:51,Dropped,Waitlist Student Dropped
WI17,426,FDMAT108-18,11/15/2016 12:09,Registered,
WI17,427,FDMAT108-18,11/16/2016 6:05,Registered,
WI17,428,FDMAT108-53,11/23/2016 6:26,Registered,
WI17,429,FDMAT108-18,12/14/2016 22:54,Wait List,
WI17,429,FDMAT108-18,1/10/2017 17:20,Dropped,
WI17,429,FDMAT108-18,1/10/2017 17:20,Registered,Waitlist Registered
FA16,430,FDMAT108-14,6/15/2016 8:59,Registered,
FA16,431,FDMAT108-14,6/15/2016 9:25,Registered,
FA17,432,FDMAT108-33,9/14/2017 10:24,Wait List,
FA17,432,FDMAT108-33,9/14/2017 10:32,Dropped,Waitlist Student Dropped
FA16,433,FDMAT108-14,6/15/2016 7:25,Registered,
FA16,433,FDMAT108-14,6/15/2016 7:53,Dropped,
FA16,434,FDMAT108-14,6/15/2016 7:23,Registered,
FA16,435,FDMAT108-14,6/15/2016 12:10,Wait List,
FA16,435,FDMAT108-14,6/24/2016 0:20,Dropped,Waitlist System Dropped
WI17,436,FDMAT108-53,12/22/2016 18:04,Wait List,
WI17,436,FDMAT108-53,1/2/2017 21:53,Dropped,
WI17,436,FDMAT108-53,1/2/2017 21:53,Registered,Waitlist Registered
FA16,437,FDMAT108-14,6/15/2016 9:27,Wait List,
FA16,437,FDMAT108-14,6/15/2016 9:28,Dropped,Waitlist Student Dropped
FA16,438,FDMAT108-14,6/15/2016 8:19,Registered,
FA16,439,FDMAT108-14,6/15/2016 7:37,Registered,
FA16,439,FDMAT108-14,6/15/2016 7:38,Dropped,
FA16,439,FDMAT108-14,6/15/2016 7:40,Registered,
FA17,440,FDMAT108-33,8/25/2017 22:03,Registered,
WI17,441,FDMAT108-A3,12/8/2016 13:30,Registered,
WI17,441,FDMAT108-A3,3/24/2017 12:04,Withdrawn,
FA16,442,FDMAT108-15,7/5/2016 13:49,Registered,
FA16,443,FDMAT108-14,6/26/2016 2:04,Wait List,
FA16,443,FDMAT108-14,6/26/2016 2:20,Dropped,Waitlist System Dropped
FA16,444,FDMAT108-14,6/23/2016 17:14,Wait List,
FA16,444,FDMAT108-14,8/12/2016 0:20,Dropped,Waitlist System Dropped
FA16,445,FDMAT108-14,7/27/2016 20:22,Wait List,
FA16,445,FDMAT108-14,9/20/2016 8:23,Dropped,Waitlist Turned Off
FA16,446,FDMAT108-14,6/15/2016 6:16,Registered,
WI17,447,FDMAT108-A3,11/29/2016 0:35,Registered,
FA17,448,FDMAT108-33,8/24/2017 0:12,Registered,
FA17,448,FDMAT108-33,8/30/2017 2:35,Dropped,
FA17,449,FDMAT108-33,8/24/2017 16:17,Registered,
FA16,450,FDMAT108-15,7/2/2016 8:49,Registered,
FA16,451,FDMAT108-14,6/15/2016 7:01,Registered,
FA16,452,FDMAT108-14,6/27/2016 11:51,Wait List,
FA16,452,FDMAT108-14,7/6/2016 11:30,Dropped,Waitlist Student Dropped
FA16,452,FDMAT108-15,7/6/2016 11:31,Wait List,
FA16,452,FDMAT108-15,7/8/2016 20:43,Dropped,
FA16,452,FDMAT108-15,7/8/2016 20:43,Registered,Waitlist Registered
FA16,452,FDMAT108-15,7/18/2016 12:00,Dropped,
WI17,453,FDMAT108-A3,11/29/2016 14:42,Registered,
WI17,454,FDMAT108-18,11/15/2016 7:06,Registered,
FA16,455,FDMAT108-15,7/5/2016 20:59,Registered,
WI17,456,FDMAT108-53,12/15/2016 10:13,Registered,
WI17,456,FDMAT108-53,1/4/2017 9:49,Dropped,
FA16,457,FDMAT108-15,7/2/2016 18:30,Registered,
WI17,458,FDMAT108-18,11/28/2016 17:53,Wait List,
WI17,458,FDMAT108-18,12/26/2016 21:07,Dropped,Waitlist Student Dropped
WI17,458,FDMAT108-18,1/10/2017 11:49,Wait List,
WI17,458,FDMAT108-18,1/11/2017 10:37,Dropped,Waitlist Student Dropped
WI17,459,FDMAT108-18,11/15/2016 8:59,Registered,
WI17,460,FDMAT108-53,11/28/2016 13:43,Registered,
FA16,461,FDMAT108-14,6/15/2016 9:09,Registered,
FA16,462,FDMAT108-14,8/19/2016 11:26,Wait List,
FA16,462,FDMAT108-14,8/28/2016 10:35,Dropped,Waitlist System Dropped
FA17,463,FDMAT108-33,8/25/2017 22:33,Registered,
FA16,464,FDMAT108-14,6/15/2016 8:24,Registered,
FA16,465,FDMAT108-15,6/30/2016 0:06,Registered,
FA16,465,FDMAT108-15,6/30/2016 0:11,Dropped,
WI17,466,FDMAT108-18,11/16/2016 6:24,Wait List,
WI17,466,FDMAT108-18,11/17/2016 15:47,Dropped,
WI17,466,FDMAT108-18,11/17/2016 15:47,Registered,Waitlist Registered
WI17,467,FDMAT108-A3,12/14/2016 9:15,Wait List,
WI17,467,FDMAT108-A3,1/9/2017 12:22,Dropped,
WI17,467,FDMAT108-A3,1/9/2017 12:23,Registered,Waitlist Registered
WI17,467,FDMAT108-A3,2/20/2017 10:55,Withdrawn,
FA16,468,FDMAT108-14,6/15/2016 6:09,Registered,
WI17,469,FDMAT108-53,12/13/2016 16:11,Registered,
WI17,469,FDMAT108-53,12/13/2016 16:12,Dropped,
FA16,470,FDMAT108-14,6/15/2016 8:22,Registered,
FA17,471,FDMAT108-33,8/24/2017 17:11,Registered,
FA17,471,FDMAT108-33,9/12/2017 16:08,Dropped,
WI17,472,FDMAT108-53,12/18/2016 0:26,Registered,
WI17,472,FDMAT108-53,1/13/2017 10:21,Dropped,
FA16,473,FDMAT108-15,7/5/2016 23:42,Wait List,
FA16,473,FDMAT108-15,7/8/2016 13:50,Dropped,Waitlist System Dropped
FA16,473,FDMAT108-15,8/1/2016 21:23,Wait List,
FA16,473,FDMAT108-15,9/3/2016 18:20,Dropped,Waitlist System Dropped
FA16,474,FDMAT108-14,8/17/2016 14:04,Wait List,
FA16,474,FDMAT108-14,9/16/2016 18:03,Dropped,
FA16,474,FDMAT108-14,9/16/2016 18:03,Registered,Waitlist Registered
FA16,474,FDMAT108-14,9/26/2016 22:51,Dropped,
WI17,475,FDMAT108-53,11/21/2016 12:19,Registered,
WI17,476,FDMAT108-18,12/10/2016 13:31,Wait List,
WI17,476,FDMAT108-18,12/10/2016 13:35,Dropped,Waitlist System Dropped
FA16,477,FDMAT108-15,6/30/2016 14:49,Registered,
FA16,477,FDMAT108-15,6/30/2016 14:50,Dropped,
FA16,478,FDMAT108-14,6/15/2016 9:11,Registered,
WI17,479,FDMAT108-18,1/4/2017 15:01,Wait List,
WI17,479,FDMAT108-18,1/4/2017 15:43,Dropped,Waitlist Student Dropped
WI17,479,FDMAT108-18,1/4/2017 22:42,Wait List,
WI17,479,FDMAT108-18,1/10/2017 16:59,Dropped,Waitlist Student Dropped
FA16,480,FDMAT108-14,6/15/2016 23:30,Wait List,
FA16,480,FDMAT108-14,6/16/2016 19:50,Dropped,Waitlist Student Dropped
FA16,481,FDMAT108-15,7/2/2016 22:47,Registered,
WI17,482,FDMAT108-A3,12/2/2016 13:25,Registered,
FA17,483,FDMAT108-33,8/24/2017 19:53,Registered,
FA16,484,FDMAT108-15,9/8/2016 17:02,Wait List,
FA16,484,FDMAT108-15,9/17/2016 20:57,Dropped,
FA16,484,FDMAT108-15,9/17/2016 20:57,Registered,Waitlist Registered
WI17,485,FDMAT108-18,11/15/2016 6:53,Registered,
WI17,485,FDMAT108-18,11/15/2016 6:58,Dropped,
WI17,486,FDMAT108-18,11/16/2016 8:48,Wait List,
WI17,486,FDMAT108-18,11/16/2016 8:51,Dropped,Waitlist Student Dropped
WI17,486,FDMAT108-53,11/16/2016 9:14,Dropped,
WI17,486,FDMAT108-53,11/16/2016 9:14,Registered,
FA16,487,FDMAT108-15,7/9/2016 15:26,Wait List,
FA16,487,FDMAT108-15,7/27/2016 16:19,Dropped,
FA16,487,FDMAT108-15,7/27/2016 16:19,Registered,Waitlist Registered
FA16,487,FDMAT108-15,2/9/2017 9:46,Withdrawn,
WI17,488,FDMAT108-18,11/16/2016 6:15,Wait List,
WI17,488,FDMAT108-18,11/16/2016 6:33,Dropped,Waitlist Student Dropped
WI17,489,FDMAT108-18,11/21/2016 6:01,Registered,
WI17,490,FDMAT108-18,11/14/2016 23:15,Registered,
FA16,491,FDMAT108-14,6/15/2016 6:24,Registered,
WI17,492,FDMAT108-53,12/10/2016 17:17,Registered,
WI17,492,FDMAT108-53,12/11/2016 16:01,Dropped,
FA16,493,FDMAT108-14,6/15/2016 21:31,Wait List,
FA16,493,FDMAT108-14,8/9/2016 10:56,Dropped,Waitlist Student Dropped
FA16,493,FDMAT108-14,8/27/2016 10:33,Wait List,
FA16,493,FDMAT108-14,9/14/2016 14:20,Dropped,Waitlist Student Dropped
FA16,494,FDMAT108-15,7/11/2016 19:59,Wait List,
FA16,494,FDMAT108-15,7/29/2016 17:38,Dropped,
FA16,494,FDMAT108-15,7/29/2016 17:38,Registered,Waitlist Registered
WI17,495,FDMAT108-A3,11/29/2016 15:52,Registered,
FA16,496,FDMAT108-15,7/18/2016 11:33,Wait List,
FA16,496,FDMAT108-15,7/21/2016 8:58,Dropped,Waitlist Student Dropped
FA16,497,FDMAT108-15,7/18/2016 17:55,Wait List,
FA16,497,FDMAT108-15,7/18/2016 23:59,Dropped,Waitlist Student Dropped
WI17,498,FDMAT108-18,11/16/2016 6:02,Registered,
FA16,499,FDMAT108-14,8/2/2016 21:10,Wait List,
FA16,499,FDMAT108-14,8/9/2016 16:50,Dropped,Waitlist System Dropped
FA16,500,FDMAT108-15,7/23/2016 9:46,Wait List,
FA16,500,FDMAT108-15,7/23/2016 9:55,Dropped,Waitlist Student Dropped
WI17,501,FDMAT108-A3,12/3/2016 19:26,Registered,
WI17,501,FDMAT108-A3,12/5/2016 9:20,Dropped,
WI17,501,FDMAT108-A3,12/5/2016 9:37,Registered,
FA16,502,FDMAT108-14,6/15/2016 6:27,Registered,
FA16,503,FDMAT108-15,6/29/2016 18:32,Registered,
FA16,503,FDMAT108-15,6/29/2016 18:57,Dropped,
FA16,503,FDMAT108-15,6/29/2016 19:22,Registered,
FA16,503,FDMAT108-15,6/29/2016 19:23,Dropped,
WI17,504,FDMAT108-53,11/16/2016 6:34,Registered,
WI17,504,FDMAT108-53,11/16/2016 6:45,Dropped,
WI17,505,FDMAT108-18,11/15/2016 19:33,Registered,
WI17,506,FDMAT108-53,11/29/2016 19:55,Registered,
WI17,507,FDMAT108-18,11/16/2016 6:14,Wait List,
WI17,507,FDMAT108-18,11/16/2016 6:35,Dropped,Waitlist System Dropped
WI17,508,FDMAT108-53,11/15/2016 10:37,Registered,
FA16,509,FDMAT108-14,6/15/2016 7:25,Registered,
FA16,509,FDMAT108-14,6/15/2016 7:27,Dropped,
WI17,510,FDMAT108-18,11/15/2016 6:00,Registered,
FA16,511,FDMAT108-14,7/21/2016 17:12,Wait List,
FA16,511,FDMAT108-14,9/7/2016 9:31,Dropped,
FA16,511,FDMAT108-14,9/7/2016 9:31,Registered,Waitlist Registered
WI17,512,FDMAT108-18,11/16/2016 6:03,Registered,
FA16,513,FDMAT108-15,7/4/2016 9:16,Registered,
FA16,513,FDMAT108-15,7/7/2016 13:21,Dropped,
WI17,514,FDMAT108-18,11/16/2016 18:05,Wait List,
WI17,514,FDMAT108-18,11/18/2016 10:16,Dropped,
WI17,514,FDMAT108-18,11/18/2016 10:16,Registered,Waitlist Registered
WI17,514,FDMAT108-18,11/18/2016 10:39,Dropped,
WI17,515,FDMAT108-18,11/15/2016 8:16,Registered,
FA16,516,FDMAT108-15,7/4/2016 17:14,Registered,
WI17,517,FDMAT108-18,11/17/2016 21:20,Registered,
WI17,517,FDMAT108-18,11/17/2016 21:27,Dropped,
WI17,518,FDMAT108-18,11/15/2016 22:33,Registered,
WI17,519,FDMAT108-18,11/16/2016 6:06,Registered,
WI17,519,FDMAT108-18,11/20/2016 20:16,Dropped,
WI17,520,FDMAT108-18,11/16/2016 6:17,Wait List,
WI17,520,FDMAT108-18,11/18/2016 13:35,Dropped,Waitlist System Dropped
WI17,520,FDMAT108-18,11/27/2016 18:35,Wait List,
WI17,520,FDMAT108-18,11/30/2016 12:54,Dropped,Waitlist Student Dropped
WI17,520,FDMAT108-A3,11/30/2016 12:55,Registered,
WI17,521,FDMAT108-18,12/25/2016 0:34,Wait List,
WI17,521,FDMAT108-18,12/25/2016 0:50,Dropped,Waitlist Student Dropped
WI17,522,FDMAT108-18,11/16/2016 6:12,Wait List,
WI17,522,FDMAT108-18,11/18/2016 3:33,Dropped,
WI17,522,FDMAT108-18,11/18/2016 3:33,Registered,Waitlist Registered
WI17,523,FDMAT108-53,11/28/2016 12:37,Registered,
WI17,523,FDMAT108-53,11/28/2016 12:41,Dropped,
WI17,524,FDMAT108-A3,12/6/2016 8:06,Registered,
WI17,525,FDMAT108-18,11/16/2016 6:12,Wait List,
WI17,525,FDMAT108-18,11/17/2016 17:08,Dropped,
WI17,525,FDMAT108-18,11/17/2016 17:08,Registered,Waitlist Registered
WI17,526,FDMAT108-53,11/11/2016 7:23,Registered,
WI17,526,FDMAT108-53,11/11/2016 7:28,Dropped,
FA17,527,FDMAT108-33,8/23/2017 23:25,Registered,
WI17,528,FDMAT108-18,11/15/2016 6:08,Registered,
WI17,529,FDMAT108-53,11/28/2016 19:36,Registered,
WI17,530,FDMAT108-18,11/16/2016 7:05,Wait List,
WI17,530,FDMAT108-18,11/16/2016 10:35,Dropped,Waitlist System Dropped
WI17,530,FDMAT108-18,11/16/2016 10:57,Wait List,
WI17,530,FDMAT108-18,11/18/2016 10:30,Dropped,
WI17,530,FDMAT108-18,11/18/2016 10:30,Registered,Waitlist Registered
WI17,530,FDMAT108-18,11/20/2016 16:23,Dropped,
WI17,531,FDMAT108-53,12/1/2016 22:02,Wait List,
WI17,531,FDMAT108-53,12/1/2016 22:20,Dropped,Waitlist System Dropped
WI17,531,FDMAT108-53,12/6/2016 20:31,Wait List,
WI17,531,FDMAT108-53,12/6/2016 20:35,Dropped,Waitlist System Dropped
WI17,532,FDMAT108-53,11/16/2016 6:20,Registered,
WI17,532,FDMAT108-53,11/16/2016 6:35,Dropped,
WI17,533,FDMAT108-53,12/21/2016 17:33,Registered,
WI17,534,FDMAT108-18,11/18/2016 20:36,Registered,
WI17,535,FDMAT108-18,11/16/2016 6:06,Registered,
WI17,536,FDMAT108-A3,12/9/2016 11:33,Registered,
WI17,537,FDMAT108-18,11/15/2016 1:57,Registered,
WI17,538,FDMAT108-18,11/16/2016 6:01,Registered,
WI17,539,FDMAT108-53,11/17/2016 11:25,Registered,
WI17,539,FDMAT108-53,11/17/2016 11:46,Dropped,
WI17,539,FDMAT108-53,11/17/2016 11:53,Registered,
WI17,539,FDMAT108-53,11/17/2016 12:24,Dropped,
WI17,539,FDMAT108-53,11/17/2016 12:26,Registered,
WI17,539,FDMAT108-53,11/19/2016 6:35,Dropped,
WI17,540,FDMAT108-53,11/19/2016 23:03,Registered,
WI17,540,FDMAT108-53,11/19/2016 23:27,Dropped,
WI17,541,FDMAT108-53,12/12/2016 20:50,Registered,
WI17,542,FDMAT108-A3,12/1/2016 13:23,Registered,
WI17,543,FDMAT108-53,11/23/2016 6:01,Registered,
WI17,543,FDMAT108-53,1/19/2017 21:50,Dropped,
WI17,544,FDMAT108-53,1/4/2017 14:19,Wait List,
WI17,544,FDMAT108-53,1/5/2017 14:19,Dropped,
WI17,544,FDMAT108-53,1/5/2017 14:19,Registered,Waitlist Registered
WI17,545,FDMAT108-18,11/16/2016 12:35,Wait List,
WI17,545,FDMAT108-18,11/16/2016 15:33,Dropped,Waitlist Student Dropped
WI17,546,FDMAT108-A3,12/2/2016 12:05,Registered,
WI17,547,FDMAT108-A3,12/9/2016 15:06,Registered,
WI17,547,FDMAT108-A3,12/9/2016 15:21,Dropped,
WI17,548,FDMAT108-18,11/14/2016 6:05,Registered,
WI17,549,FDMAT108-18,11/16/2016 6:00,Registered,
WI17,550,FDMAT108-18,11/28/2016 21:39,Wait List,
WI17,550,FDMAT108-18,12/10/2016 12:31,Dropped,Waitlist Student Dropped
WI17,551,FDMAT108-A3,12/4/2016 16:22,Registered,
WI17,551,FDMAT108-A3,1/11/2017 19:18,Dropped,
WI17,552,FDMAT108-A3,12/1/2016 12:31,Registered,
WI17,552,FDMAT108-A3,2/27/2017 14:10,Withdrawn,
FA17,553,FDMAT108-33,8/25/2017 15:26,Registered,
FA17,554,FDMAT108-33,8/29/2017 10:49,Wait List,
FA17,554,FDMAT108-33,8/29/2017 11:05,Dropped,Waitlist System Dropped
WI17,555,FDMAT108-A3,12/5/2016 10:52,Registered,
WI17,555,FDMAT108-A3,12/5/2016 10:58,Dropped,
WI17,556,FDMAT108-53,11/30/2016 14:24,Registered,
WI17,556,FDMAT108-A3,11/30/2016 14:13,Registered,
WI17,556,FDMAT108-A3,11/30/2016 14:18,Dropped,
FA17,557,FDMAT108-33,8/24/2017 21:37,Registered,
FA17,558,FDMAT108-33,8/22/2017 13:52,Registered,
WI17,559,FDMAT108-53,11/23/2016 7:37,Registered,
WI17,560,FDMAT108-A3,12/5/2016 8:30,Registered,
FA17,561,FDMAT108-33,9/14/2017 10:19,Wait List,
FA17,561,FDMAT108-33,9/14/2017 10:35,Dropped,Waitlist System Dropped
FA17,561,FDMAT108-33,9/14/2017 11:07,Wait List,
FA17,561,FDMAT108-33,9/14/2017 17:35,Dropped,Waitlist Student Dropped
FA17,562,FDMAT108-33,9/2/2017 14:43,Wait List,
FA17,562,FDMAT108-33,9/19/2017 8:15,Dropped,Waitlist Turned Off
FA17,563,FDMAT108-33,8/26/2017 12:19,Wait List,
FA17,563,FDMAT108-33,8/30/2017 9:00,Dropped,
FA17,563,FDMAT108-33,8/30/2017 9:00,Registered,Waitlist Registered
FA17,564,FDMAT108-33,8/22/2017 16:56,Registered,
FA17,565,FDMAT108-33,8/24/2017 9:55,Registered,
FA17,566,FDMAT108-33,8/25/2017 8:53,Registered,
FA17,567,FDMAT108-33,8/25/2017 15:26,Registered,
FA17,568,FDMAT108-33,8/25/2017 20:15,Registered,
FA17,569,FDMAT108-33,8/30/2017 21:46,Wait List,
FA17,569,FDMAT108-33,9/8/2017 12:34,Dropped,Waitlist Student Dropped
FA17,570,FDMAT108-33,9/10/2017 10:04,Wait List,
FA17,570,FDMAT108-33,9/11/2017 11:22,Dropped,Waitlist Student Dropped
FA17,570,FDMAT108-33,9/11/2017 12:33,Wait List,
FA17,570,FDMAT108-33,9/12/2017 16:20,Dropped,Waitlist System Dropped
WI17,571,FDMAT108-53,12/15/2016 10:44,Registered,
WI17,571,FDMAT108-53,12/15/2016 11:13,Dropped,
FA17,572,FDMAT108-33,8/23/2017 14:30,Registered,
FA17,572,FDMAT108-33,9/10/2017 9:28,Dropped,
FA17,573,FDMAT108-33,8/24/2017 3:37,Registered,
FA17,574,FDMAT108-33,9/12/2017 13:43,Wait List,
FA17,574,FDMAT108-33,9/13/2017 9:09,Dropped,
FA17,574,FDMAT108-33,9/13/2017 9:09,Registered,Waitlist Registered
FA17,575,FDMAT108-33,8/23/2017 21:55,Registered,
FA17,576,FDMAT108-33,8/23/2017 10:52,Registered,
FA17,577,FDMAT108-33,8/30/2017 16:53,Wait List,
FA17,577,FDMAT108-33,9/12/2017 13:01,Dropped,
FA17,577,FDMAT108-33,9/12/2017 13:01,Registered,Waitlist Registered
FA17,578,FDMAT108-33,9/3/2017 20:37,Wait List,
FA17,578,FDMAT108-33,9/10/2017 18:31,Dropped,Waitlist Student Dropped
FA17,579,FDMAT108-33,8/28/2017 15:36,Wait List,
FA17,579,FDMAT108-33,9/9/2017 18:18,Dropped,Waitlist Student Dropped
FA17,580,FDMAT108-33,8/25/2017 23:15,Registered,
FA17,581,FDMAT108-33,8/25/2017 3:01,Registered,
FA17,582,FDMAT108-33,8/23/2017 11:46,Registered,
FA17,583,FDMAT108-33,8/30/2017 17:47,Wait List,
FA17,583,FDMAT108-33,9/13/2017 9:16,Dropped,
FA17,583,FDMAT108-33,9/13/2017 9:16,Registered,Waitlist Registered
FA17,584,FDMAT108-33,8/23/2017 15:38,Registered,
FA17,585,FDMAT108-33,8/24/2017 18:41,Registered,
FA17,585,FDMAT108-33,8/24/2017 19:43,Dropped,
FA17,585,FDMAT108-33,8/25/2017 9:32,Registered,
FA17,585,FDMAT108-33,9/8/2017 19:22,Dropped,
